{"errors":[],"warnings":[],"namedChunkGroups":{"app":{"chunks":[4,1],"assets":["webpack-runtime-cd0f2a5cafd4a1dcecec.js","webpack-runtime-cd0f2a5cafd4a1dcecec.js.map","app-1748ecaec2ab32f439da.js","app-1748ecaec2ab32f439da.js.map"],"children":{},"childAssets":{}},"component---src-pages-404-js":{"chunks":[0,5,2],"assets":["styles.b2120df824ab6292387c.css","styles-c9d5d518a489a5a86bae.js","styles-c9d5d518a489a5a86bae.js.map","5-0336f7f4fe227abdf32d.js","5-0336f7f4fe227abdf32d.js.map","component---src-pages-404-js-aebb9b785de804b5069f.js","component---src-pages-404-js-aebb9b785de804b5069f.js.map"],"children":{},"childAssets":{}},"component---src-pages-index-js":{"chunks":[0,6,3],"assets":["styles.b2120df824ab6292387c.css","styles-c9d5d518a489a5a86bae.js","styles-c9d5d518a489a5a86bae.js.map","6-f8726ddb265a5d41dcee.js","6-f8726ddb265a5d41dcee.js.map","component---src-pages-index-js-35337c85f84642e0655a.js","component---src-pages-index-js-35337c85f84642e0655a.js.map"],"children":{},"childAssets":{}}},"assetsByChunkName":{"app":["webpack-runtime-cd0f2a5cafd4a1dcecec.js","app-1748ecaec2ab32f439da.js"],"component---src-pages-404-js":["styles.b2120df824ab6292387c.css","styles-c9d5d518a489a5a86bae.js","5-0336f7f4fe227abdf32d.js","component---src-pages-404-js-aebb9b785de804b5069f.js"],"component---src-pages-index-js":["styles.b2120df824ab6292387c.css","styles-c9d5d518a489a5a86bae.js","6-f8726ddb265a5d41dcee.js","component---src-pages-index-js-35337c85f84642e0655a.js"]}}