{"errors":[],"warnings":[],"namedChunkGroups":{"app":{"chunks":[4,1],"assets":["webpack-runtime-e9edafc564259e2b23ad.js","webpack-runtime-e9edafc564259e2b23ad.js.map","app-4fc5466c85cd573bf2f7.js","app-4fc5466c85cd573bf2f7.js.map"],"children":{},"childAssets":{}},"component---src-pages-404-js":{"chunks":[0,5,2],"assets":["styles.b2120df824ab6292387c.css","styles-820b5269d22c308965c1.js","styles-820b5269d22c308965c1.js.map","5-a2fe3861cfdae209ff83.js","5-a2fe3861cfdae209ff83.js.map","component---src-pages-404-js-32049f3ee55b02bfa80c.js","component---src-pages-404-js-32049f3ee55b02bfa80c.js.map"],"children":{},"childAssets":{}},"component---src-pages-index-js":{"chunks":[0,6,3],"assets":["styles.b2120df824ab6292387c.css","styles-820b5269d22c308965c1.js","styles-820b5269d22c308965c1.js.map","6-d5c9f31872cd28221724.js","6-d5c9f31872cd28221724.js.map","component---src-pages-index-js-e76afc37750175e946b5.js","component---src-pages-index-js-e76afc37750175e946b5.js.map"],"children":{},"childAssets":{}}},"assetsByChunkName":{"app":["webpack-runtime-e9edafc564259e2b23ad.js","app-4fc5466c85cd573bf2f7.js"],"component---src-pages-404-js":["styles.b2120df824ab6292387c.css","styles-820b5269d22c308965c1.js","5-a2fe3861cfdae209ff83.js","component---src-pages-404-js-32049f3ee55b02bfa80c.js"],"component---src-pages-index-js":["styles.b2120df824ab6292387c.css","styles-820b5269d22c308965c1.js","6-d5c9f31872cd28221724.js","component---src-pages-index-js-e76afc37750175e946b5.js"]}}